"","predict.fhat.Hns..x...X_test."
"705614",3.93067391690571
"370400",15.4420079763608
"698794",1.30145024922142
"681616",0.318082857916464
"560120",0.237907408610892
"224675",0.339469577806868
"400383",0.375590577227098
"63785",2.71509040756668
"721377",7.94445193564887
"89682",0.233744421294147
"6260",1.12280040705283
"670109",1.3138686072454
"299689",2.71538019323947
"17545",0.246730705126151
"313334",5.46226821381402
"554777",0.857891504635764
"291538",0.8854210797856
"121304",1.63886893429134
"173066",0.89031627305921
"387637",3.51157875163384
"306671",1.57951873504268
"314423",1.62723059706257
"350907",1.97150395148241
"502573",1.24084005165937
"104215",0.195548202794471
"122779",0.872301878419202
"569092",0.26066972311999
"685152",0.133020261604098
"313087",0.307135700921936
"681223",0.75131210357945
"206625",1.54167659758306
"67279",11.3265554661108
"603497",1.41105729765577
"350231",15.6911159308605
"51365",2.29652546889488
"138290",0.12249192621364
"272843",0.37456821128516
"162948",2.50145392793173
"615024",10.8849636269214
"353328",0.703230599342482
"431807",0.604733916155403
"352334",6.17645179763409
"316772",1.13956506130291
"317412",1.41572797874039
"314350",13.8953257657547
"409444",0.946420115938347
"271735",1.71169457032923
"207963",12.0659910419603
"100902",4.31814259870481
"350224",1.71829041868493
"360702",3.59678866225702
"389450",5.09078748175683
"656828",10.5436204428848
"554431",15.6773222024843
"314362",16.0181287461406
"346936",1.04151577205093
"536496",0.331982777933328
"314703",0.281345752614844
"491104",1.95976187510562
"64169",1.59580508898011
"395092",3.98726769043355
"439232",0.656050123437507
"536800",0.238206528960875
"317362",0.759869904263879
"559284",0.376718057005003
"731164",0.353437736881962
"314295",0.2477164881684
"315771",0.286059899328012
"240049",1.33707882203721
"681795",1.76228438924653
"201376",15.2664131075157
"750821",0.303973358392506
"700269",1.62024831868845
"504644",1.55920227246639
"703202",16.3276556027318
"169154",1.41525762997946
"164183",0.214777243499023
"333352",1.55584006971798
"149567",0.212362263346336
"458415",1.05224371862405
"705030",0.409696361094739
"256040",0.432266724539802
"670288",0.781284706749271
"47995",0.383542962369208
"555903",0.829425561792084
"278591",1.57388301486821
"201322",6.53237074558471
"264477",12.1728294973919
"273848",6.92768450696756
"314241",13.4615992138631
"553505",1.849288405294
"312287",4.22663945667447
"349909",2.78717077478759
"361273",0.1959238282691
"312202",0.286902002930258
"164184",0.335135866401753
"107197",12.9422948035239
"281581",1.09708552755288
"645593",2.79275979172681
"162184",0.930240493516709
"314753",0.539684648530411
"375272",0.187104967523575
"227253",0.548028182067792
"650165",1.12830044810787
"350927",0.89172607259731
"744464",0.71001734688635
"299018",4.43721854953879
"256743",0.128379190996924
"410260",1.23149711026952
"169697",3.45981263066215
"291770",15.9356214994007
"408804",3.98912176000326
"172173",0.800182503880748
"275738",1.04736535845649
"316517",4.90365552136146
"333022",12.7640298013592
"418425",1.24171548599583
"292141",2.72870029585192
"673996",1.04146888722597
"252351",4.51722545859506
"67751",15.7710713925102
"610236",5.50866843177341
"407052",14.0643157810844
"548526",0.825210594731983
"730321",15.5032914387219
"34109",0.798405443855813
"355609",15.0657529168512
"523864",13.9990807844207
"33594",1.94337142478773
"712621",14.8812560087642
"400339",0.228665698309407
"204971",14.0019315554227
"434685",2.78145761314882
"97043",1.24691218570036
"534825",4.28489898208437
"316294",1.4804308904648
"386128",7.83593448827144
"316235",1.44263201504854
"361759",2.15042120861134
"370338",10.0654189715181
"295970",7.15778711032792
"708756",1.86060309377909
"6875",4.2802706644248
"726136",12.6075191576876
"720726",13.7373660504622
"48427",11.4991365546263
"351817",0.966691154179682
"753849",0.748618585892298
"127380",1.42360872770846
"182449",0.308804887394025
"290365",0.362183637622704
"385268",15.3076000621711
"332192",1.97453441795034
"132441",1.39542392454238
"56539",0.35802347120428
"2394",10.0619620468384
"169062",1.18659540128978
"652474",0.0982753775551759
"114707",0.285039374148728
"59985",3.6846029017946
"312677",15.9068314194983
"370370",14.3992441962889
"563095",5.69147139468341
"155971",0.551581593134824
"86081",2.28149992806379
"744196",2.37776840454118
"500205",0.707574908189345
"319333",1.8178998464601
"350105",0.72171105332425
"124168",0.809504390276369
"632501",0.214103108800885
"171961",5.54083569466986
"207618",2.60767856466055
"131502",0.193547722432071
"313349",10.341411557761
"572840",15.3513594098307
"258829",15.6587317872566
"488283",0.314927280851248
"289599",7.41565726763578
"348856",0.20733572454211
"446227",0.336988174091391
"312221",16.6623597384411
"220465",12.1359731750625
"300006",0.185078398969902
"483895",2.39159102346864
"467377",13.4196784095747
"681265",1.82243701778055
"421666",1.67127021270036
"440222",3.35903256580503
"387455",0.357301626934184
"97481",2.70913324340257
"182781",5.73529812418456
"117351",0.187406525807547
"429424",2.04226346492681
"274451",6.12177018222092
"283741",1.37375098935649
"48854",13.9539045337821
"208682",6.73698295422528
"731199",0.397369561908284
"705708",0.185372673307285
"95433",0.44254929897869
"693029",12.4187531086169
"238095",17.3418769357852
"685192",1.27307623348026
"509065",3.35521849827102
"313343",13.3916669263772
"735235",6.61572254196728
"323980",14.0721554519538
"748529",15.7114052398124
"116718",1.92875179667236
"313319",13.8706846226163
"38514",2.24204951364475
"315049",17.3017608897822
"313419",15.1906725813951
"234921",14.4268441675532
"314307",15.7105953478756
"370369",15.7050926254653
"720600",2.76436619477932
"350272",1.21582768319229
"752493",0.755816617083666
"263828",8.63592494548369
"729334",0.490081320194817
"510692",15.5129071176501
"317215",5.55773981565906
"645426",2.985124338625
"584241",15.327488194988
"73121",15.3260311061191
"34416",1.73444179375687
"706486",0.166262171775704
"652130",1.52155045131345
"407191",7.36995313442924
"158866",1.53021532160198
"316414",2.04188167703441
"712511",0.264056984504638
"314262",13.798731321264
"10806",1.71268608185921
"179002",1.19082730765581
"684333",1.73771995838953
"57515",2.64249162450206
"370307",16.2362920953643
"60284",0.343876102446447
"591458",15.4162517208449
"118388",4.59385786277238
"732847",1.9763314449975
"375306",0.637325321449705
"19224",10.6565524777305
"291810",15.517923210554
"681439",8.32536082902696
"676296",14.7493450179433
"719930",8.47867644298922
"402018",9.72264784278109
"598930",17.3868781266398
"272289",14.6621456372232
"316509",0.378177006864193
"331830",11.6595653873581
"718339",3.30413648846621
"476286",10.0392866396136
"548337",0.829425561792084
"134072",1.33867590274496
"754007",1.03105321120739
"695164",15.6686097481391
"563880",4.54090688820924
"221400",15.890732525992
"640060",0.0938661592650503
"277598",0.929407395689402
"135791",5.1145118886075
"316482",1.4528023117721
"740288",3.82289196275819
"613262",1.15489692170527
"152830",14.5488495966914
"316374",0.208213310324102
"534175",0.573328978651742
"291815",15.850593863665
"316661",10.039472704175
"314261",6.37083578775083
"351000",0.628150137721861
"101161",0.337165420955315
"737724",14.0437244631097
"9109",4.30389718344626
"172436",5.02019525774869
"562628",0.59384627018616
"598875",0.699716550450258
"122670",2.832952925041
"291763",9.42497572874712
"315065",1.33727227961135
"66601",8.39276100602723
"723661",3.50219688550616
"599739",0.28447493439478
"333821",4.93080730490571
"663230",1.8318166369611
"609515",10.213359122358
"114892",0.558215540501488
"391133",2.43006579299938
"462349",0.833508496642186
"82996",1.56916399751651
"155152",3.39357712707261
"602093",1.30759544389665
"429885",0.9603465322112
"317218",1.64614348096424
"122297",2.75515343812751
"721590",0.945396493325044
"384687",15.3871773909946
"648638",8.43309901883541
"176301",16.0363046190143
"370357",16.141771419692
"495164",4.57756405872323
"31850",1.17516777720271
"725197",1.74354385202812
"146456",0.137935349145424
"560882",0.316665235960327
"116236",0.184828425310055
"60618",1.84058477345542
"431628",7.51549470070888
"291377",4.25537434777924
"313356",3.18696128322314
"714601",9.20122756963536
"50201",0.909067177248903
"530344",0.997301957143115
"204445",3.19962508148848
"313392",15.7053384054889
"645037",1.45584175947845
"652412",3.25520132254001
"123533",1.94273654817652
"315658",0.881682846113445
"173594",9.44372099434195
"396211",15.6392272095962
"657341",7.65334625377271
"198822",0.683477861837179
"149767",2.03354357116925
"444084",1.33604881150621
"111787",15.0607837652085
"143950",1.5680478619519
"428388",7.63179688258894
"271947",0.876077663442175
"314269",10.1167011498959
"472696",1.5339208598025
"577775",1.12291925166467
"350303",0.420995330528638
"15311",14.7357482082409
"416073",0.855651267973729
"250957",15.3432329823503
"351365",4.5503886159596
"350767",0.171628107970398
"362489",0.354003029705302
"734040",2.114889282245
"38654",8.78047798468236
"170462",3.32146508807689
"9558",3.77776637256129
"395382",2.03464854067877
"37594",0.163327270087981
"437828",1.59838881937508
"746120",0.402193002546227
"315019",3.93451069695146
"313328",15.7131629846489
"77499",0.300916722292568
"681519",1.97624259407078
"156422",1.68844197629698
"432058",0.858799809263285
"523834",1.27205594195248
"302850",0.260708347019107
"482026",4.07173419445466
"421828",0.580741255932475
"132495",1.14460957779781
"387451",1.69596872592581
"595769",4.91547333722099
"211110",1.65675051440008
"314863",1.25045151521257
"81469",0.905048674632855
"471935",0.317674772287111
"380438",1.40553254959134
"209282",4.53322547282944
"576050",13.7316930821295
"702605",0.925496555675812
"306141",10.8092839374966
"313333",12.8732679712142
"484588",0.758600284970822
"309143",1.49121823057627
"544754",1.74170424283158
"295165",0.267716066752722
"317560",2.01299949500558
"330163",1.91376008121604
"36875",0.336882143799338
"314779",17.5835060489182
"713419",16.0363083832582
"140179",4.47353257243147
"240588",16.424974189855
"734686",1.68268527825994
"357072",10.4012688364891
"650234",10.6366442333269
"314397",0.937810708157404
"291756",13.2548623156221
"299508",0.750374631538675
"723038",0.305006278123814
"214345",0.301960430881881
"738095",2.20160424711502
"734039",2.01341604021929
"279434",1.80905842406026
"240307",0.16907815760257
"347782",14.5872324040615
"208558",0.313251881703261
"370384",16.1365394120282
"183231",0.691405122141277
"318014",1.40449907090285
"40864",4.51243145635801
"353767",16.0965419877522
"751438",0.494894659199832
"448912",5.31118080188058
"7884",2.19853705343466
"154172",1.06309998828643
"462155",2.13050944671291
"557363",10.041118486029
"46344",1.11574414270684
"37940",8.61203132585128
"274338",5.51079425114174
"370315",13.8977910644264
"685691",0.301165464566816
"282459",0.521171827930612
"313377",13.9709323688319
"688601",0.964514179202359
"471971",4.04497283659637
"590464",2.58494500545698
"607158",1.27573445477766
"279258",0.568644412276789
"314258",5.26089795072263
"265261",1.43712021193801
"704995",1.25184627406618
"350997",0.285544040343687
"67967",1.33373720731154
"393659",0.257490528491462
"584149",15.0127734903858
"314878",1.01133266226059
"101637",0.417119615264825
"350560",11.8251641273538
"347369",5.40135109333676
"746119",1.15928762248879
"446489",0.829425561792084
"589448",3.94324624498224
"313388",7.34890384593509
"681398",15.6347170596464
"201571",0.429895425775752
"125980",0.573681335349184
"280708",2.97194127861072
"313305",14.8257343020284
"274463",3.34328897151455
"244623",0.743787138774663
"611199",15.1712447074582
"558677",0.334363847064413
"140006",1.5293757371751
"643985",1.44437201741165
"304066",2.68807020394166
"732066",1.25253545803644
"292365",2.28505555232967
"370323",15.4885500908228
"724045",1.17270886722949
"478981",1.22051989142157
"64311",6.38943379540952
"282359",0.746605507103468
"507455",2.39115069167122
"365766",0.678401006250459
"644271",0.909067177248903
"332082",1.25156482583179
"60826",1.14996781661503
"41335",0.5459465188238
"326405",15.9471789417399
"429930",0.340045243398007
"467036",10.0614533638125
"80877",15.2572205098692
"63815",3.94040820535503
"491112",0.778290378447974
"136477",0.72184311410534
"715983",0.425533574929635
"315110",6.87006619745774
"507926",17.0905579229002
"330857",15.1526403728332
"349344",1.45065729402273
"317053",1.09551024386859
"744841",0.909863432546764
"689709",3.4863148333388
"313692",3.04290817667403
"68576",0.103395441407571
"207454",0.956049792987368
"619688",14.6789691683012
"512978",0.432029865209775
"104390",0.385755068607354
"313417",14.0680082703786
"375276",0.685600764749035
"370418",16.9666737672137
"700498",4.52746214455445
"378467",3.06945099668406
"291762",13.7585919873333
"211179",0.114029684692601
"370402",1.45459202729209
"708080",15.6245919746425
"317814",0.168833961736008
"498316",15.3620846934036
"179514",2.36230103309868
"688687",2.19349077808751
"124508",1.8958534554409
"332343",1.38527719813857
"411599",0.340652337505197
"48903",3.05549486169992
"350810",2.67398381531251
"726385",1.3360932999339
"92470",0.193978228428113
"480662",16.7916275266409
"654706",0.113344798094005
"660185",3.49494819655727
"6261",1.85510939672292
"370329",16.1684357635236
"509401",12.1779516149355
"348739",4.43892254705346
"278164",3.70680753168714
"422524",0.73813288071273
"89846",5.9266035608481
"52697",15.7841367120644
"350837",0.117148375351177
"703225",5.31826377773077
"132711",6.15923482977456
"529840",0.235163993038745
"488597",0.144498855092177
"207852",4.31310490374917
"288820",1.28145141239607
"469120",0.189808955525451
"84493",2.26334350337505
"244591",15.2828215699528
"210348",0.782459486982458
"285064",0.7730442864095
"307678",0.193772600557266
"362676",14.9116706206847
"313363",1.90031329220191
"256656",1.19051554960128
"313369",11.5106017485083
"305414",10.4549840804025
"300001",0.426545066264722
"234843",1.32750163439198
"104222",0.227336479066864
"103860",1.08616685745212
"193836",1.45067229921684
"316047",1.73783359190681
"201226",0.169525266066366
"316046",4.76871661421966
"524945",1.04343339957287
"284549",1.35502760110481
"652100",8.76316201027985
"352832",10.6608431683414
"534952",1.00650853426509
"256961",13.7624162211491
"296214",15.0440019441439
"267858",4.67024005343949
"370354",11.1768605211368
"370321",14.6377177182693
"320468",1.31024444656321
"393485",4.95197461535642
"291797",12.5990957719229
"298205",1.91211829164138
"84758",1.59963431347856
"616502",7.77652439035826
"308135",9.41049115997692
"746179",3.85532204703714
"313745",0.682793266570716
"99929",4.18512327429367
"315363",0.907000364704147
"736035",4.90848273438122
"143170",4.12740965548585
"325279",6.55383176538285
"316340",1.41107349514755
"113088",0.51344107204553
"350101",0.999663763924675
"140584",0.746920798148515
"206308",4.44177538040489
"342524",8.57625280517016
"370352",14.1882189940552
"511306",0.143550173810787
"175361",7.00251580445436
"720754",3.26524706055675
"400457",0.874602789670632
"45539",9.57214114645216
"291761",14.2823448037996
"317336",1.63933963780596
"445867",0.298016134589054
"751633",3.223157882588
"105297",0.119156224665361
"9275",1.71829041868493
"125846",2.9338255523405
"356573",1.38276918517931
"533381",1.2984657295779
"688689",1.33018511786093
"182367",3.07606397086465
"231033",16.1136312621939
"742405",3.07926989263202
"718402",0.790177863885183
"316214",1.14424479322301
"206283",3.92763094371981
"54199",11.3380089002638
"364524",15.0891784307259
"684157",0.697941772760462
"132546",4.67045115455152
"317116",3.29778302796204
"472953",14.2384175829489
"313313",15.7985055653742
"318727",1.23096062407459
"100903",1.06082676837359
"744834",0.995124951733091
"359412",7.79836282779828
"211490",1.49617427762143
"429185",5.96979366456527
"312243",7.87181186570139
"289961",3.07162913631486
"168654",0.232477787872012
"745907",0.847828119812301
"341532",0.09151347052801
"603120",16.5159462896008
"511447",0.473570391296264
"406305",4.29374347618049
"291805",10.7381229360106
"99276",6.70041372566924
"583864",13.7823172855345
"280861",2.153491798087
"697222",10.5975292466369
"707881",13.0973728744237
"255427",0.561613872168975
"640048",3.17306546061025
"311923",2.47704210061862
"350188",1.09552110360473
"739904",0.172981364527983
"546455",15.0949840869731
"314355",15.7779222429088
"314254",11.8238339085791
"316341",1.44118858417007
"132353",1.34103300297938
"97731",0.860270168652469
"297789",1.20342434792941
"721752",0.66159429538752
"370326",15.0180933217167
"508810",2.47486513935663
"401245",5.80482659542494
"10355",0.397713979082514
"600376",1.26889608173708
"315063",1.45826856661968
"723280",12.6043276806807
"529550",15.5661153639945
"637056",15.9204712760582
"700512",1.46712185798972
"194905",15.267836195315
"118315",1.24150509601809
"723231",3.55000709356465
"314257",12.6923649924931
"713642",0.40162360045012
"313329",12.0289819444036
"451895",0.845842382994445
"123433",0.311733988596812
"185060",12.97969845449
"161792",0.514075186378374
"702943",2.93995419950708
"13322",1.50746180724405
"493885",11.7291962876482
"211828",1.22060843730544
"156858",0.289318513141401
"527330",15.2149122088614
"615749",2.02495633825372
"370350",8.82321639357086
"541841",14.5298743827355
"194495",1.11201732837577
"313324",13.781151949015
"682952",0.345194733860724
"114465",0.8414549086779
"755656",2.72489028324335
"316301",0.444022652863305
"389299",3.42585136387579
"179221",1.24011953800679
"384464",0.641796693829851
"545582",1.05808831296669
"413340",1.8295847888425
"94840",6.06145357998828
"426586",9.72392203942992
"316054",2.09257864962961
"159352",0.302373383313599
"320144",2.59507070960741
"401614",0.450669547004111
"368752",3.53344814791672
"278651",0.197879938422963
"673573",1.34266622360903
"116003",11.8393260317767
"291806",15.7009926344169
"315799",13.2672262784992
"349997",0.917543388153264
"523547",1.29445859514971
"644595",0.87769320752349
"314302",14.0080621757386
"505745",2.98281010365663
"684502",16.0635785584244
"644026",14.0761425830238
"99457",1.98717426416841
"262843",0.964350161311103
"518003",1.77609219207095
"313346",12.9902948939747
"473763",14.1865068803416
"651881",0.376672411916308
"182944",3.12320950074968
"175322",0.98356796087914
"168548",3.38179218363306
"664730",10.1753807324466
"372978",1.2351327162358
"705027",2.01610496664208
"723729",0.703771690371248
"364381",1.18773211937491
"157343",1.78158176356209
"119213",1.9450450379856
"89980",8.06477907626083
"387515",0.12722318368043
"229909",0.546120956099314
"313420",11.2770094923158
"120167",3.24765501148595
"62749",0.787537515873984
"382248",1.03781308370074
"223885",0.63064265431264
"121695",1.98526387765644
"312665",16.9180584543244
"543293",0.257289313938126
"752469",3.24811012198442
"186542",1.19214238949384
"405959",12.713333270278
"77313",0.730000938510455
"314051",12.4530057837284
"308662",1.61896682377593
"291745",15.8433505513381
"313331",10.4370134688671
"282744",0.710630137428059
"722734",6.06408652254791
"643960",15.3736858286544
"615832",1.92876283418588
"689324",15.3647589412569
"306533",0.396190293409767
"313421",14.718180683746
"719507",14.7426936276029
"286612",2.33371106494176
"316232",0.221558162368959
"81298",5.87895957804567
"601385",6.23653902775029
"481148",0.89382737354361
"28908",0.190121743454656
"314297",13.4564644759951
"370416",14.6090271329763
"509276",0.918088072965671
"350117",3.15464479826297
"364502",1.14409629548269
"315021",13.3376549779275
"655576",0.113940128943855
"111667",4.66269882427433
"317817",1.20384319785251
"429176",1.3447989850674
"108871",0.969211491880304
"274460",3.73943628306406
"7727",0.447782092281381
"350959",1.95646052788044
"350994",5.81828669529261
"242652",1.77777461144086
"685923",8.76364447707329
"370331",14.3149809160717
"421830",4.7971922461394
"595985",15.7190994934662
"491356",0.451689671005696
"166468",11.6526572141068
"551936",15.6342366630408
"27724",3.19470998120023
"208228",1.71597755054712
"314267",13.2284337493552
"19928",0.416999446090119
"590660",15.7105938804406
"262410",1.99029060435552
"745911",0.895409918726773
"314412",0.339023750064871
"719424",3.37720506628534
"62740",1.18922256826924
"715978",15.0373794484822
"440165",0.128522841985428
"314521",0.191651126236674
"715168",0.363523678762133
"93429",8.38788240089647
"314305",15.9552875465915
"398178",1.3840304141236
"317035",5.16056818799586
"276051",1.18316224684276
"132377",0.41366582176604
"313375",10.7948668891702
"374785",0.2233582698035
"407827",0.240800204940946
"350910",0.964514179202359
"39999",2.89010124295788
"387433",0.466046463556372
"127394",1.20844234100404
"286643",2.4820320981867
"312494",0.362862297454422
"568998",0.932260541122121
"294792",1.57711036718385
"82562",0.271650337517683
"167930",1.30593719247905
"129189",6.22182801509356
"205066",0.899933634848738
"292410",0.856746550056552
"291774",14.2943764574636
"49400",15.4034135086401
"314221",17.3556459411773
"140795",1.11029142435212
"727248",1.99753018778752
"713087",13.2862150765956
"317105",0.77788286470955
"350572",4.94338450327898
"318981",0.41290451084909
"746118",0.631114555494337
"315273",8.94076569049593
"10242",0.61013533580578
"646318",6.91360533380385
"311260",10.6814081065641
"312702",1.92885289717508
"311658",0.720117163439858
"211587",0.122880850677663
"97251",0.134783703344725
"683968",2.92295256638236
"494422",15.8565220946063
"651896",9.70480068595787
"313517",1.973873704181
"46199",0.554122750587034
"728118",7.86538716576504
"56378",16.4191665987579
"316946",0.583597019084383
"699304",0.714606257457257
"501717",0.290999626681765
"384431",0.215135287381156
"54238",0.893251324911341
"705286",0.220666057849299
"6295",5.1901179240408
"31184",17.6040505292217
"277994",5.18815688908738
"9770",13.0997595542737
"148573",0.102328840240082
"74917",0.19788808283162
"728069",17.3734166936517
"314284",11.2882643873131
"370349",15.7388115044425
"721057",1.26181820167685
"76810",5.4189362142712
"432746",0.894336881544385
"733705",1.98471080519723
"200597",14.1428740234741
"123568",0.246249872497176
"652310",11.1776223455364
"723556",16.8450137307307
"104224",0.0912470189915741
"16167",15.1117817585788
"266881",9.46899484425806
"614048",0.455728366410701
"258744",15.4430782749178
"346938",2.22317214674897
"16813",2.69442288178459
"3305",0.276058514126097
"313341",15.632657947916
"286613",1.2389210291178
"370346",12.9247859318096
"314445",1.19372112156584
"134570",1.39868189745684
"2126",15.773848966786
"549111",1.08956679657474
"325447",0.98922944402344
"312235",0.963853981647543
"314283",15.6769784101943
"621943",15.8196053325961
"152968",2.55420489562367
"568729",0.385696320803172
"493757",10.1796524680589
"387513",0.185490528318694
"350971",0.78976236974113
"248001",1.09033910005952
"235109",5.82827437087261
"479365",2.22902374204817
"675841",1.0553460457261
"670524",1.10047484443578
"551325",1.38196445699401
"486497",3.99430928338131
"20599",0.502786096114275
"314415",0.654528253274433
"550531",15.647676735401
"291789",11.4287085340575
"314399",1.55318871976985
"317214",5.4759533462012
"178436",0.372217338548855
"223951",7.68750663935352
"481778",1.6590454735272
"60283",0.423556707534792
"648086",15.0250943418815
"686789",17.3526750944925
"514515",14.2945297950724
"476260",0.488626334077675
"371747",0.246793480962679
"445555",0.136412363529312
"467322",1.53495726594074
"307569",0.267504115326243
"350002",0.254256616051373
"702408",15.135858765739
"644720",0.357301626934184
"314681",1.57592834836105
"295169",11.5834566302801
"251103",2.35029526290606
"532496",15.8565220946063
"679649",15.9660906300339
"364900",1.6929350789722
"628270",1.22079751399027
"291776",14.2345322621894
"450593",3.84996349844003
"610662",4.74242691402164
"148718",13.9856859394616
"59109",1.32513423205995
"755653",14.0241367300368
"75875",0.214404833385178
"706560",5.99202770032093
"312607",0.470085847597447
"689383",0.635392458664537
"424045",8.69816021824693
"103250",3.2477234883758
"64512",4.80945768586585
"317986",2.27652484298524
"59207",1.58285717089655
"721099",10.4085846838009
"208825",4.97231633034629
"44885",0.836410946995378
"422525",0.671547802079552
"314326",15.8168405100586
"597590",1.79953200901565
"80137",2.40005284672832
"672038",9.03805379190722
"312720",5.64246092519056
"313086",0.317081750124769
"132706",7.31463075983809
"315503",5.95605770726158
"569488",1.48610721265544
"376005",16.7813310920195
"708981",4.22233693837187
"285237",13.7453439059107
"190051",3.06470949522594
"596705",11.2601475574743
"128002",0.551569135783986
"729133",0.543309177319452
"714907",6.3265173159838
"318092",0.51315923356475
"709034",0.0969329046933269
"562178",4.86818335589601
"15541",15.3187611910448
"412133",0.29669121972508
"313891",3.04156789895936
"723193",16.0665955542873
"518805",0.48772793868104
"349710",17.6322508941666
"304153",7.50822290358685
"312150",12.2180649489782
"7759",1.28613904199655
"443767",1.43744513878197
"387327",0.308895385843075
"257772",15.446661422899
"707310",4.56657461179112
"527199",0.916672208355234
"493227",5.20394215832865
"352541",0.335018191640667
"195524",10.10575879572
"113639",0.203916338470106
"374782",0.306869996776454
"411736",13.326487769509
"705517",1.71639732232119
"145686",13.5199204427404
"17573",0.233796011276367
"292719",1.48900728517624
"482783",2.25397593445
"728046",0.166059177382935
"525728",1.19836839340528
"433715",0.384875762352265
"515712",4.39741719195982
"310425",15.0511070853926
"371217",6.53489937895138
"435116",4.59303357053537
"718446",0.694509623125559
"460919",5.24846405815893
"317890",0.961413117554351
"450187",17.5507277164447
"354666",0.2622498229419
"65003",1.81061072318738
"709993",1.21262578637884
"274120",2.49230137156366
"744308",1.90315272151074
"10003",0.242001619387348
"404437",4.85747212393976
"314251",15.2421612502185
"132493",5.01324966853055
"346121",0.374904546473094
"50072",0.983709247286121
"681081",0.169700326164292
"214029",3.36832836123199
"61303",1.33753212854074
"307568",0.203043896608679
"289432",2.68196088470921
"317811",0.347657072435359
"210878",1.12076831132925
"300003",0.173831480895999
"176431",13.966672998403
"712620",13.8491711410679
"534778",10.0936255256531
"429886",0.400829031415356
"745908",0.468307846263333
"644300",0.847525928941361
"733062",1.04386631005341
"705681",1.81152934953929
"191563",0.233431144205721
"24776",2.49634465086897
"601999",4.55878835780719
"718357",1.07087917148802
"260944",1.60076909443158
"692785",1.15207358514096
"361871",0.340149340628158
"370319",13.1523410854549
"454107",0.270871881857163
"705129",1.5095795234529
"350838",0.476782035147594
"314293",11.9591571587094
"340513",4.71862605191108
"431884",14.0208808935984
"316233",0.95746671505462
"314294",15.6577235488919
"564912",8.40085878141539
"2931",2.50309121437856
"313311",14.3598962279764
"20966",0.500681164106127
"106444",6.05396369242894
"121422",1.95874052432605
"200444",16.6046319967805
"651893",4.58192598121167
"654878",0.264644277842377
"295971",2.82757431987941
"719807",13.6150326005776
"395940",0.237374283389119
"314353",13.5341997763411
"325274",2.10792136971268
"704996",1.10236926329528
"400458",0.920592960770581
"261293",1.65405783354722
"128276",2.74109262137334
"204958",0.707574908189345
"274458",0.53467209906373
"175325",12.2550133039309
"401311",1.12174032778988
"130706",0.272466931455745
"507046",4.87982595564213
"652296",16.3008755066994
"248099",16.0677003062666
"3573",0.299780442617184
"597588",0.27906255065162
"434982",8.59679922828613
"242650",8.18038462034148
"315526",0.222013407978158
"370414",14.3212267770825
"313425",11.7076209126351
"354667",0.228682478244399
"291982",3.12209100375922
"10270",0.477670147767589
"394181",4.81398114243693
"38831",1.78974715611694
"648006",0.377433997541327
"485757",0.208421443566523
"314347",14.0819662131961
"317872",7.28690151915843
"370337",13.0513560115419
"685133",0.878273153709138
"301437",0.269067323232367
"208850",1.07212969883378
"701100",0.745975542414894
"433092",2.56805489035372
"313310",15.7678902498721
"305200",0.396380808090754
"559283",0.448776457209135
"291750",14.5017892183207
"410803",16.4655846094389
"329342",0.587298720285994
"313353",15.6419555638317
"406183",5.18776491019141
"68240",4.41253314351306
"541842",13.2207893441694
"210880",0.609323061875359
"102090",9.72715242275916
"291743",14.8973880811624
"405612",3.50954456932959
"429764",0.233802674182566
"742643",3.73230524773668
"641190",14.9848884860761
"314332",15.5964839884008
"685981",16.9842752517646
"728910",2.90862793746963
"51403",0.910082970351228
"140292",11.4615014092102
"74264",1.58682397493152
"313402",15.5941896006108
"349694",0.655863694645558
"459825",12.3460960016219
"207515",15.513848105281
"164174",0.397172856933008
"602106",10.016853982356
"301129",1.89892996024518
"210241",6.60925339638188
"314259",15.8161093303291
"27745",0.390852358280017
"245435",1.19477420165314
"747579",1.44053596271177
"317036",3.00663640159548
"656948",11.8687446632874
"372597",5.81979537146158
"620463",8.59697184939992
"144464",0.754427452700686
"290582",0.144886256626848
"572110",3.12320950074968
"313405",15.5536284930614
"701137",1.17730670524364
"347333",0.310931154714798
"112164",0.18085174416468
"291747",7.90627880791877
"217722",0.329183607047813
"325864",0.677799115231124
"320285",4.46518263860009
"59206",4.27200801119792
"509140",0.361306947795528
"199525",11.5658079730481
"302773",0.396520173641777
"375298",0.188933504549671
"326316",0.787406608174204
"584763",10.213932050861
"192373",15.096623819047
"132205",0.455548397973176
"541657",2.72674899031483
"314298",14.0588440881601
"313330",14.0323025536502
"31706",2.88375251624787
"727619",1.30389696732884
"312237",0.964529467585856
"313384",12.613465410189
"132426",1.373155506855
"61397",1.32322661026618
"297612",0.897601304908485
"398829",3.36888397352642
"324696",0.732049940202335
"429014",2.58780522940397
"360531",0.218477955541768
"287872",0.141586493977348
"749207",1.67100012973854
"279604",0.0930110323927874
"314773",0.955855923074229
"715197",1.50433125336859
"740299",1.00107296565267
"603121",14.8813925166237
"350993",1.50433881065817
"610868",1.74471638156836
"316805",1.98261828264443
"645363",3.70514418857845
"438143",7.63354288135822
"448433",10.1651846466145
"420389",0.356552026034662
"595247",9.07257723959834
"432747",0.481117831568678
"251138",0.216951182817222
"355590",15.0885193712954
"586277",1.67800572345587
"179930",1.72785680795011
"451048",0.16627704899391
"314309",9.69737144413981
"389467",0.166536667919364
"225860",14.4907499671004
"562391",6.91924176131637
"316342",1.57066500443646
"267860",4.6963910667976
"681143",0.146824121312185
"3039",15.7916902982549
"171017",0.542807760430566
"321112",15.7860016638851
"370386",14.999820748223
"90146",0.360611614105959
"150698",13.7305066344694
"711872",1.40031096633272
"315246",5.45291109818821
"251938",0.156045183795537
"487062",3.38870685441936
"315397",3.02553617456499
"370339",15.630602349446
"577842",6.21938279824114
"725793",0.107972191307226
"350143",7.76477042901031
"367513",0.302319280190599
"676955",0.813139543102481
"714615",0.431789299804356
"295338",1.08047725638163
"185643",0.176430276614941
"315112",6.94923220379003
"313372",15.387134104906
"720813",0.521414386541892
"169921",17.2696217937335
"54187",1.27929714813552
"190415",10.6741132680802
"716047",3.56462900982675
"467934",15.6346139293323
"103928",15.0296987594021
"350159",1.62669084901677
"132672",1.7332338503619
"294365",1.59794082468271
"281580",1.74569651169431
"429758",1.16431988222609
"595618",1.20978767132764
"325180",1.14147532246543
"645185",2.55519790650779
"75165",0.779159989637177
"727876",0.254551223144826
"721074",14.1481606733408
"716401",0.497781315434667
"84201",6.41506652923853
"148717",14.1038996002117
"316912",11.4290380232619
"22957",1.70494990767366
"16513",15.347380460731
"200381",16.2023924085212
"424977",15.3380465571304
"168271",13.3364086581277
"205806",0.578034796174213
"567613",0.416407015679672
"727953",0.257526903573707
"10971",1.04855597171581
"140178",1.40900356813479
"708281",0.302273087279545
"651901",8.28470821382072
"716880",8.01955533271128
"314323",14.2089194998395
"313389",5.0721062643455
"445866",0.28682662721946
"315232",1.53305139607073
"707960",2.19682393120915
"313337",15.7057064661998
"300005",0.182640160899879
"382866",2.78867480392371
"571052",1.23807511323151
"720682",2.57511072710455
"268036",2.40379204476995
"507936",16.7162192311629
"261455",13.2387069670404
"555821",0.240273400354806
"350031",1.94474019034876
"678861",9.89131325633591
"566249",4.43196916908381
"652141",0.359345364958458
"143420",1.2441288139164
"315465",0.979245131098659
"387443",0.466920759025403
"723641",1.01077435834544
"740382",4.20962756228665
"350013",1.70895918677095
"370405",14.0385545509542
